Model year,Make,Model,Vehicle class,Engine size (L),Cylinders,Fuel type,City (L/100 km),Highway (L/100 km),Combined (L/100 km),Combined (mpg),CO2 emissions (g/km),Predicted_CO2_Emissions
2025,Acura,Integra A-SPEC,Full-size,1.5,4,Z,8.1,6.5,7.4,38,,172.24
2025,Acura,Integra A-SPEC,Full-size,1.5,4,Z,8.9,6.5,7.8,36,,181.12
2025,Acura,Integra Type S,Full-size,2.0,4,Z,11.1,8.3,9.9,29,,230.78
2025,Acura,MDX SH-AWD,Sport utility vehicle: Small,3.5,6,Z,12.6,9.4,11.2,25,,262.82
2025,Acura,MDX SH-AWD Type S,Sport utility vehicle: Standard,3.0,6,Z,13.8,11.2,12.4,23,,290.88
2025,Acura,RDX SH-AWD,Sport utility vehicle: Small,2.0,4,Z,11.0,8.6,9.9,29,,232.0
2025,Acura,RDX SH-AWD A-SPEC,Sport utility vehicle: Small,2.0,4,Z,11.3,9.1,10.3,27,,241.78062698412697
2025,Acura,TLX SH-AWD A-SPEC,Compact,2.0,4,Z,11.3,8.1,9.8,29,,230.93
2025,Acura,TLX Type S (Performance Tire),Compact,3.0,6,Z,12.3,9.8,11.2,25,,261.17
2025,Alfa Romeo,Giulia,Mid-size,2.0,4,Z,10.0,7.2,8.7,32,,205.0
2025,Alfa Romeo,Giulia AWD,Mid-size,2.0,4,Z,10.5,7.7,9.2,31,,216.98
2025,Alfa Romeo,Stelvio AWD,Sport utility vehicle: Small,2.0,4,Z,10.8,8.3,9.6,29,,225.99
2025,Alfa Romeo,Tonale AWD,Sport utility vehicle: Small,2.0,4,X,11.3,8.1,9.9,29,,231.235
2025,Aston Martin,DB12,Minicompact,4.0,8,Z,15.9,10.5,13.5,21,,316.5566666666667
2025,Aston Martin,DBX707,Sport utility vehicle: Standard,4.0,8,Z,15.7,12.0,14.0,20,,328.25
2025,Aston Martin,Vantage,Two-seater,4.0,8,Z,15.3,10.5,13.1,22,,306.9133333333333
2025,Audi,A3 40 TFSI quattro,Subcompact,2.0,4,Z,9.6,7.3,8.5,33,,199.46
2025,Audi,A4 45 TFSI quattro,Compact,2.0,4,Z,10.1,7.3,8.8,32,,206.67
2025,Audi,A4 allroad 45 TFSI quattro,Station wagon: Small,2.0,4,Z,10.3,7.8,9.2,31,,215.45166666666665
2025,Audi,A5 CoupÃ© 45 TFSI quattro,Subcompact,2.0,4,Z,10.1,7.3,8.8,32,,205.66
2025,Audi,A5 Sportback 45 TFSI quattro,Mid-size,2.0,4,Z,10.1,7.3,8.8,32,,206.59
2025,Audi,A6 45 TFSI quattro,Mid-size,2.0,4,Z,10.0,7.7,8.9,32,,207.76
2025,Audi,A6 55 TFSI quattro,Mid-size,3.0,6,Z,10.9,8.0,9.6,29,,224.87
2025,Audi,A6 allroad 55 TFSI quattro,Station wagon: Mid-size,3.0,6,Z,10.9,8.0,9.6,29,,224.83
2025,Audi,A7 Sportback,Mid-size,3.0,6,Z,10.9,8.0,9.6,29,,224.82
2025,Audi,A8 quattro,Full-size,3.0,6,Z,12.6,8.8,10.9,26,,254.2
2025,Audi,Q3 40 TFSI quattro,Sport utility vehicle: Small,2.0,4,X,10.7,8.0,9.5,30,,222.91
2025,Audi,Q3 45 TFSI quattro,Sport utility vehicle: Small,2.0,4,X,11.7,8.3,10.2,28,,239.36
2025,Audi,Q5 40 TFSI quattro,Sport utility vehicle: Small,2.0,4,Z,10.1,8.0,9.2,31,,215.649
2025,Audi,Q5 45 TFSI quattro,Sport utility vehicle: Small,2.0,4,Z,10.6,8.4,9.6,29,,225.67
2025,Audi,Q5 Sportback 45 TFSI quattro,Sport utility vehicle: Small,2.0,4,Z,10.6,8.4,9.6,29,,225.67
2025,Audi,Q7 45 TFSI quattro,Sport utility vehicle: Standard,2.0,4,Z,12.0,9.2,10.7,26,,250.646
2025,Audi,Q7 55 TFSI quattro,Sport utility vehicle: Standard,3.0,6,Z,13.0,10.0,11.7,24,,273.1
2025,Audi,RS 5 CoupÃ©,Subcompact,2.9,6,Z,12.9,9.3,11.3,25,,264.39
2025,Audi,RS 5 Sportback,Mid-size,2.9,6,Z,13.3,9.6,11.6,24,,272.2325
2025,Audi,RS 6 Avant quattro performance,Station wagon: Mid-size,4.0,8,Z,17.0,11.0,14.3,20,,336.4
2025,Audi,RS 6 Avant GT,Station wagon: Mid-size,4.0,8,Z,17.0,11.0,14.3,20,,336.4
2025,Audi,RS 7 Sportback quattro performance,Mid-size,4.0,8,Z,17.0,11.0,14.3,20,,336.4
2025,Audi,RS Q8 performance,Sport utility vehicle: Standard,4.0,8,Z,16.1,11.7,14.1,20,,328.75
2025,Audi,S3 quattro,Subcompact,2.0,4,Z,10.4,7.6,9.1,31,,212.96133333333336
2025,Audi,S4 quattro,Compact,3.0,6,Z,11.0,8.1,9.7,29,,227.4873095238095
2025,Audi,S5 CoupÃ© quattro,Subcompact,3.0,6,Z,11.0,8.1,9.7,29,,227.165
2025,Audi,S5 Sportback quattro,Mid-size,3.0,6,Z,11.8,8.2,10.2,28,,238.33
2025,Audi,S6 quattro,Mid-size,2.9,6,Z,12.4,8.9,10.8,26,,253.78
2025,Audi,S7 quattro,Mid-size,2.9,6,Z,12.4,8.9,10.8,26,,253.73
2025,Audi,S8 quattro,Full-size,4.0,8,Z,16.0,10.0,13.3,21,,312.03
2025,Audi,SQ5 quattro,Sport utility vehicle: Small,3.0,6,Z,12.6,9.8,11.4,25,,266.23
2025,Audi,SQ5 Sportback quattro,Sport utility vehicle: Small,3.0,6,Z,12.6,9.8,11.4,25,,266.31
2025,Audi,SQ7 quattro,Sport utility vehicle: Standard,4.0,8,Z,16.0,11.2,13.8,20,,322.03666666666663
2025,Audi,SQ8 quattro,Sport utility vehicle: Standard,4.0,8,Z,16.1,11.9,14.2,20,,332.96
2025,Bentley,Bentayga,Sport utility vehicle: Standard,4.0,8,Z,17.1,11.4,14.6,19,,342.97
2025,Bentley,Bentayga EWB,Sport utility vehicle: Standard,4.0,8,Z,17.1,11.4,14.6,19,,343.02
2025,BMW,230i xDrive Coupe,Subcompact,2.0,4,Z,9.5,7.1,8.4,34,,194.94
2025,BMW,330i xDrive Sedan,Compact,2.0,4,Z,8.9,6.9,8.0,35,,186.128
2025,BMW,430i xDrive Cabriolet,Subcompact,2.0,4,Z,9.6,7.1,8.5,33,,198.46
2025,BMW,430i xDrive Coupe,Subcompact,2.0,4,Z,8.7,6.9,7.9,36,,184.1
2025,BMW,530i xDrive Sedan,Mid-size,2.0,4,Z,8.7,6.8,7.9,36,,184.58
2025,BMW,760i xDrive Sedan,Full-size,4.4,8,Z,13.3,9.3,11.5,25,,267.14
2025,BMW,ALPINA XB7,Sport utility vehicle: Standard,4.4,8,Z,15.2,11.6,13.6,21,,315.84
2025,BMW,M2 Coupe,Subcompact,3.0,6,Z,14.4,10.3,12.5,23,,292.44
2025,BMW,M2 Coupe,Subcompact,3.0,6,Z,14.7,10.0,12.6,22,,293.0325
2025,BMW,M240i xDrive Coupe,Subcompact,3.0,6,Z,10.3,7.3,9.0,31,,209.73
2025,BMW,M3 Sedan,Compact,3.0,6,Z,14.7,10.1,12.6,22,,293.0
2025,BMW,M3 Competition Sedan,Compact,3.0,6,Z,14.5,10.2,12.6,22,,292.24
2025,BMW,M3 Competition M xDrive Sedan,Compact,3.0,6,Z,14.9,10.3,12.8,22,,298.29
2025,BMW,M340i xDrive Sedan,Compact,3.0,6,Z,9.0,7.1,8.2,34,,191.64
2025,BMW,M4 Coupe,Subcompact,3.0,6,Z,14.7,10.1,12.6,22,,293.01
2025,BMW,M4 Competition Coupe,Subcompact,3.0,6,Z,14.5,10.2,12.6,22,,292.26
2025,BMW,M4 Competition M xDrive Cabriolet,Subcompact,3.0,6,Z,14.9,10.5,12.9,22,,301.09
2025,BMW,M4 Competition M xDrive Coupe,Subcompact,3.0,6,Z,14.7,10.2,12.7,22,,295.24
2025,BMW,M4 CS Coupe,Subcompact,3.0,6,Z,15.0,10.3,12.9,22,,301.09
2025,BMW,M440i xDrive Cabriolet,Subcompact,3.0,6,Z,9.2,7.3,8.4,34,,196.41
2025,BMW,M440i xDrive Coupe,Subcompact,3.0,6,Z,8.9,7.1,8.1,35,,189.16
2025,BMW,M8 Competition Cabriolet,Subcompact,4.4,8,Z,16.1,10.9,13.8,20,,321.97
2025,BMW,M8 Competition Coupe,Subcompact,4.4,8,Z,16.1,10.9,13.8,20,,321.97
2025,BMW,M8 Competition Gran Coupe,Mid-size,4.4,8,Z,16.1,10.9,13.8,20,,321.96
2025,BMW,M850i xDrive Cabriolet,Subcompact,4.4,8,Z,14.2,9.9,12.2,23,,284.03
2025,BMW,M850i xDrive Coupe,Subcompact,4.4,8,Z,14.1,9.9,12.2,23,,284.05
2025,BMW,M850i xDrive Gran Coupe,Mid-size,4.4,8,Z,14.2,9.9,12.2,23,,284.02
2025,BMW,X1 xDrive28i,Sport utility vehicle: Small,2.0,4,Z,9.7,7.1,8.5,33,,198.46
2025,BMW,X1 M35i,Sport utility vehicle: Small,2.0,4,Z,10.1,7.6,9.0,31,,210.03
2025,BMW,X2 xDrive28i,Sport utility vehicle: Small,2.0,4,Z,9.7,7.1,8.5,33,,198.46
2025,BMW,X2 M35i,Sport utility vehicle: Small,2.0,4,Z,10.3,7.3,8.9,32,,207.6
2025,BMW,X3 xDrive30i,Sport utility vehicle: Small,2.0,4,Z,8.8,7.1,8.1,35,,189.13
2025,BMW,X3 M50i xDrive,Sport utility vehicle: Small,3.0,6,Z,9.3,7.7,8.6,33,,199.662
2025,BMW,X4 xDrive30i,Sport utility vehicle: Small,2.0,4,Z,11.1,8.6,9.9,29,,230.22
2025,BMW,X4 M,Sport utility vehicle: Small,3.0,6,Z,15.7,11.7,13.9,20,,323.0
2025,BMW,X4 M Competition,Sport utility vehicle: Small,3.0,6,Z,15.7,11.7,13.9,20,,323.0
2025,BMW,X4 M40i xDrive,Sport utility vehicle: Small,3.0,6,Z,10.9,9.0,10.0,28,,235.32333333333332
2025,BMW,X5 xDrive40i,Sport utility vehicle: Standard,3.0,6,Z,10.1,8.7,9.4,30,,219.53
2025,BMW,X5 M Competition,Sport utility vehicle: Standard,4.4,8,Z,18.2,12.9,15.8,18,,366.44
2025,BMW,X5 M60i xDrive,Sport utility vehicle: Standard,4.4,8,Z,13.8,10.5,12.3,23,,287.15
2025,BMW,X6 xDrive40i,Sport utility vehicle: Standard,3.0,6,Z,10.3,8.9,9.6,29,,224.81
2025,BMW,X6 M Competition,Sport utility vehicle: Standard,4.4,8,Z,18.2,12.9,15.8,18,,366.55
2025,BMW,X6 M60i xDrive,Sport utility vehicle: Standard,4.4,8,Z,13.8,10.5,12.3,23,,287.15
2025,BMW,X7 xDrive40i,Sport utility vehicle: Standard,3.0,6,Z,11.6,9.6,10.7,26,,251.16083333333336
2025,BMW,X7 M60i xDrive,Sport utility vehicle: Standard,4.4,8,Z,14.7,11.6,13.3,21,,313.4133333333333
2025,BMW,Z4 sDrive30i,Two-seater,2.0,4,Z,9.4,7.1,8.4,34,,194.19
2025,BMW,Z4 M40i,Two-seater,3.0,6,Z,10.4,8.0,9.3,30,,216.85
2025,BMW,Z4 M40i,Two-seater,3.0,6,Z,12.6,8.9,10.9,26,,255.1
2025,Bugatti,Mistral,Two-seater,8.0,16,Z,29.7,19.2,25.0,11,,576.5
2025,Buick,Enclave AWD,Sport utility vehicle: Standard,2.5,4,X,12.3,9.9,11.2,25,,262.54
2025,Buick,Encore GX,Sport utility vehicle: Small,1.3,3,X,8.0,7.6,7.8,36,,183.23
2025,Buick,Encore GX AWD,Sport utility vehicle: Small,1.3,3,X,9.1,8.4,8.8,32,,207.15
2025,Buick,Envision AWD,Sport utility vehicle: Small,2.0,4,X,10.8,8.3,9.7,29,,227.35583333333335
2025,Buick,Envista,Station wagon: Small,1.2,3,X,8.4,7.4,7.9,36,,185.8516666666667
2025,Cadillac,CT4,Compact,2.0,4,Z,10.6,7.3,9.1,31,,213.53
2025,Cadillac,CT4,Compact,2.7,4,Z,11.0,7.6,9.5,30,,221.27
2025,Cadillac,CT4 AWD,Compact,2.0,4,Z,11.0,7.6,9.5,30,,222.45266666666666
2025,Cadillac,CT4 AWD,Compact,2.7,4,Z,11.3,8.1,9.9,29,,231.24
2025,Cadillac,CT4-V,Compact,2.7,4,Z,11.8,8.2,10.2,28,,237.15
2025,Cadillac,CT4-V,Compact,3.6,6,Z,15.0,9.7,12.6,22,,296.88166666666666
2025,Cadillac,CT4-V,Compact,3.6,6,Z,15.2,10.2,12.9,22,,301.8975
2025,Cadillac,CT4-V AWD,Compact,2.7,4,Z,12.0,8.4,10.4,27,,243.94
2025,Cadillac,CT5,Mid-size,2.0,4,Z,10.4,7.3,9.0,31,,209.11
2025,Cadillac,CT5,Mid-size,3.0,6,Z,12.3,8.4,10.6,27,,248.97266666666667
2025,Cadillac,CT5 AWD,Mid-size,2.0,4,Z,11.0,7.8,9.6,29,,226.20983333333334
2025,Cadillac,CT5 AWD,Mid-size,3.0,6,Z,13.1,9.0,11.2,25,,262.985
2025,Cadillac,CT5-V,Mid-size,3.0,6,Z,13.1,8.7,11.1,25,,259.69
2025,Cadillac,CT5-V,Mid-size,6.2,8,Z,18.5,11.5,15.3,18,,359.41
2025,Cadillac,CT5-V,Mid-size,6.2,8,Z,18.7,11.6,15.5,18,,364.27
2025,Cadillac,CT5-V AWD,Mid-size,3.0,6,Z,13.8,9.0,11.7,24,,272.78
2025,Cadillac,Escalade 4WD,Sport utility vehicle: Standard,6.2,8,Z,16.6,13.0,15.0,19,,350.58
2025,Cadillac,Escalade-V AWD,Sport utility vehicle: Standard,6.2,8,Z,20.8,13.8,17.7,16,,416.8
2025,Cadillac,XT4 AWD,Sport utility vehicle: Small,2.0,4,Z,10.4,8.3,9.5,30,,222.32066666666668
2025,Cadillac,XT5,Sport utility vehicle: Small,2.0,4,Z,10.9,8.2,9.7,29,,227.56690692640692
2025,Cadillac,XT5 AWD,Sport utility vehicle: Small,2.0,4,Z,11.2,8.7,10.1,28,,236.97
2025,Cadillac,XT5 AWD,Sport utility vehicle: Small,3.6,6,X,12.9,9.2,11.2,25,,263.2859126984127
2025,Cadillac,XT6 AWD,Sport utility vehicle: Small,2.0,4,Z,11.2,9.0,10.2,28,,239.01
2025,Cadillac,XT6 AWD,Sport utility vehicle: Small,3.6,6,X,13.1,9.5,11.5,25,,269.01
2025,Chevrolet,Blazer AWD,Sport utility vehicle: Small,2.0,4,X,10.8,8.7,9.9,29,,230.422
2025,Chevrolet,Blazer AWD,Sport utility vehicle: Small,3.6,6,X,12.8,9.1,11.2,25,,262.44722222222225
2025,Chevrolet,Colorado,Pickup truck: Standard,2.7,4,X,12.4,10.3,11.5,25,,270.0
2025,Chevrolet,Colorado 4WD,Pickup truck: Standard,2.7,4,X,13.6,11.0,12.4,23,,290.61
2025,Chevrolet,Colorado 4WD Mud Terrain Tire,Pickup truck: Standard,2.7,4,X,14.0,11.9,13.1,22,,307.03
2025,Chevrolet,Colorado ZR2 4WD,Pickup truck: Standard,2.7,4,X,14.1,13.8,14.0,20,,328.11666666666673
2025,Chevrolet,Colorado ZR2 Bison 4WD,Pickup truck: Standard,2.7,4,X,14.8,15.1,14.9,19,,349.07
2025,Chevrolet,Corvette,Two-seater,6.2,8,Z,15.0,9.4,12.5,23,,294.88772222222224
2025,Chevrolet,Corvette E-Ray,Two-seater,6.2,8,Z,15.2,9.7,12.7,22,,298.57
2025,Chevrolet,Corvette Z06,Two-seater,5.5,8,Z,20.0,11.7,16.3,17,,382.25
2025,Chevrolet,Corvette Z06 Carbon Aero,Two-seater,5.5,8,Z,20.0,12.6,16.7,17,,391.42
2025,Chevrolet,Equinox,Sport utility vehicle: Small,1.5,4,X,9.2,8.3,8.8,32,,207.45
2025,Chevrolet,Equinox AWD,Sport utility vehicle: Small,1.5,4,X,10.0,8.2,9.2,31,,215.89899999999997
2025,Chevrolet,Malibu,Mid-size,1.5,4,X,8.5,6.8,7.7,37,,180.59
2025,Chevrolet,Silverado,Pickup truck: Standard,2.7,4,X,13.4,11.2,12.5,23,,292.54
2025,Chevrolet,Silverado,Pickup truck: Standard,3.0,6,D,10.0,8.3,9.3,30,,250.23
2025,Chevrolet,Silverado,Pickup truck: Standard,5.3,8,X,14.8,11.2,13.2,21,,309.05
2025,Chevrolet,Silverado 4WD,Pickup truck: Standard,2.7,4,X,13.7,12.0,12.9,22,,301.66
2025,Chevrolet,Silverado 4WD Mud Terrain Tire,Pickup truck: Standard,2.7,4,X,14.7,13.8,14.3,20,,335.54
2025,Chevrolet,Silverado 4WD,Pickup truck: Standard,3.0,6,D,10.7,9.3,10.1,28,,272.08
2025,Chevrolet,Silverado 4WD (With Sport Mode),Pickup truck: Standard,3.0,6,D,10.6,9.0,9.9,29,,264.57
2025,Chevrolet,Silverado 4WD Mud Terrain Tire,Pickup truck: Standard,3.0,6,D,11.1,10.0,10.6,27,,284.445
2025,Chevrolet,Silverado 4WD,Pickup truck: Standard,5.3,8,X,15.2,12.4,13.9,20,,326.37416666666667
2025,Chevrolet,Silverado 4WD FFV,Pickup truck: Standard,5.3,8,X,15.2,12.2,13.9,20,,326.01
2025,Chevrolet,Silverado 4WD FFV,Pickup truck: Standard,5.3,8,E,21.3,16.6,19.2,15,,318.06
2025,Chevrolet,Silverado 4WD Mud Terrain Tire,Pickup truck: Standard,5.3,8,X,15.6,13.1,14.5,19,,339.4109999999999
2025,Chevrolet,Silverado 4WD,Pickup truck: Standard,6.2,8,Z,15.8,12.0,14.1,20,,329.72
2025,Chevrolet,Silverado 4WD Mud Terrain Tire,Pickup truck: Standard,6.2,8,Z,17.1,14.0,15.7,18,,366.74
2025,Chevrolet,Silverado 4WD ZR2,Pickup truck: Standard,3.0,6,D,11.7,10.3,11.1,25,,292.82666666666665
2025,Chevrolet,Silverado 4WD ZR2,Pickup truck: Standard,6.2,8,Z,17.1,14.1,15.7,18,,366.96
2025,Chevrolet,Suburban,Sport utility vehicle: Standard,5.3,8,X,15.7,12.0,14.0,20,,327.51
2025,Chevrolet,Suburban 4WD,Sport utility vehicle: Standard,5.3,8,X,17.1,12.6,15.1,19,,353.91
2025,Chevrolet,Suburban 4WD,Sport utility vehicle: Standard,6.2,8,Z,16.6,13.0,15.0,19,,351.14
2025,Chevrolet,Tahoe,Sport utility vehicle: Standard,5.3,8,X,15.7,12.0,14.0,20,,327.51
2025,Chevrolet,Tahoe 4WD,Sport utility vehicle: Standard,5.3,8,X,15.9,12.5,14.4,20,,338.53
2025,Chevrolet,Tahoe 4WD,Sport utility vehicle: Standard,6.2,8,Z,16.6,13.0,15.0,19,,351.14
2025,Chevrolet,Trailblazer,Sport utility vehicle: Small,1.2,3,X,7.8,7.7,7.8,36,,183.24
2025,Chevrolet,Trailblazer,Sport utility vehicle: Small,1.2,3,E,10.7,10.2,10.5,27,,245.89333333333332
2025,Chevrolet,Trailblazer,Sport utility vehicle: Small,1.3,3,X,8.1,7.2,7.7,37,,180.8
2025,Chevrolet,Trailblazer AWD,Sport utility vehicle: Small,1.3,3,X,9.1,8.1,8.7,32,,204.02
2025,Chevrolet,Traverse AWD,Sport utility vehicle: Standard,2.5,4,X,12.3,9.9,11.2,25,,262.52
2025,Chevrolet,Trax,Station wagon: Small,1.2,3,X,8.5,7.6,8.1,35,,189.57
2025,Chrysler,Grand Caravan,Minivan,3.6,6,X,12.4,8.4,10.6,27,,249.0
2025,Chrysler,Pacifica,Minivan,3.6,6,X,12.4,8.4,10.6,27,,249.0
2025,Chrysler,Pacifica AWD,Minivan,3.6,6,X,14.1,9.4,12.0,24,,279.0
2025,Dodge,Durango AWD,Sport utility vehicle: Standard,3.6,6,X,13.5,10.0,11.9,24,,279.96
2025,Dodge,Durango AWD,Sport utility vehicle: Standard,5.7,8,X,16.7,10.9,14.1,20,,331.0
2025,Dodge,Durango AWD SRT Hellcat,Sport utility vehicle: Standard,6.2,8,Z,20.5,13.8,17.4,16,,409.65
2025,Dodge,Hornet AWD,Sport utility vehicle: Small,2.0,4,X,11.3,8.1,9.9,29,,231.07
2025,Ferrari,12Cilindri,Two-seater,6.5,12,Z,19.6,12.7,16.5,17,,387.4471428571429
2025,Ferrari,12Cilindri Spider,Two-seater,6.5,12,Z,19.6,13.5,16.8,17,,389.50933333333336
2025,Ferrari,Daytona SP3,Two-seater,6.5,12,Z,19.9,14.8,17.6,16,,410.05
2025,Ferrari,Purosangue,Sport utility vehicle: Standard,6.5,12,Z,22.0,15.3,19.0,15,,428.62
2025,Ferrari,Roma Spider,Minicompact,3.9,8,Z,13.9,10.5,12.4,23,,289.988
2025,Ford,Bronco 4WD,Sport utility vehicle: Small,2.3,4,X,12.9,10.9,12.0,24,,281.72
2025,Ford,Bronco 4WD,Sport utility vehicle: Small,2.3,4,X,12.9,11.0,12.1,23,,285.64866666666666
2025,Ford,Bronco 4WD,Sport utility vehicle: Small,2.7,6,X,13.7,13.1,13.4,21,,314.60423809523814
2025,Ford,Bronco 4WD (With Sport Mode),Sport utility vehicle: Small,2.7,6,X,13.8,12.7,13.3,21,,311.9716666666667
2025,Ford,Bronco Badlands 4WD,Sport utility vehicle: Small,2.3,4,X,14.0,12.5,13.3,21,,311.9628333333333
2025,Ford,Bronco Badlands 4WD,Sport utility vehicle: Small,2.3,4,X,13.9,12.9,13.5,21,,317.362
2025,Ford,Bronco Outer Banks 4WD,Sport utility vehicle: Standard,2.7,6,X,12.5,11.4,12.0,24,,281.57
2025,Ford,Bronco Sasquatch 4WD,Sport utility vehicle: Small,2.3,4,X,13.8,12.4,13.2,21,,309.8975
2025,Ford,Bronco Sasquatch 4WD,Sport utility vehicle: Small,2.3,4,X,13.8,12.4,13.2,21,,309.8975
2025,Ford,Bronco Sport 4WD,Sport utility vehicle: Small,1.5,3,X,9.3,7.9,8.7,32,,203.99
2025,Ford,Bronco Sport 4WD,Sport utility vehicle: Small,2.0,4,X,11.2,8.7,10.1,28,,236.73
2025,Ford,Bronco Sport Sasquatch,Sport utility vehicle: Small,1.5,3,X,10.2,9.0,9.7,29,,227.03
2025,Ford,Escape,Sport utility vehicle: Small,1.5,3,X,8.9,6.9,8.0,35,,187.3701666666667
2025,Ford,Escape AWD,Sport utility vehicle: Small,1.5,3,X,9.2,7.4,8.4,34,,197.04
2025,Ford,Escape AWD,Sport utility vehicle: Small,2.0,4,X,10.2,7.6,9.1,31,,212.10266666666666
2025,Ford,Escape Hybrid,Sport utility vehicle: Small,2.5,4,X,5.6,6.5,6.0,47,,139.865
2025,Ford,Escape Hybrid AWD,Sport utility vehicle: Small,2.5,4,X,5.6,6.5,6.0,47,,139.66166666666666
2025,Ford,Expedition 4WD,Sport utility vehicle: Standard,3.5,6,X,15.4,10.7,13.3,21,,312.82666666666665
2025,Ford,Explorer AWD,Sport utility vehicle: Standard,2.3,4,X,11.9,8.7,10.4,27,,244.1
2025,Ford,Explorer AWD,Sport utility vehicle: Standard,3.0,6,X,13.0,9.3,11.3,25,,265.16
2025,Ford,Explorer AWD,Sport utility vehicle: Standard,3.0,6,X,13.3,9.6,11.6,24,,272.00627777777777
2025,Ford,F-150,Pickup truck: Standard,2.7,6,X,12.8,9.5,11.3,25,,265.52
2025,Ford,F-150,Pickup truck: Standard,3.5,6,X,14.2,9.7,12.2,23,,286.05
2025,Ford,F-150,Pickup truck: Standard,5.0,8,X,14.5,10.2,12.6,22,,295.0721666666667
2025,Ford,F-150 4X4,Pickup truck: Standard,2.7,6,X,13.1,10.2,11.8,24,,277.27
2025,Ford,F-150 4X4,Pickup truck: Standard,3.5,6,X,14.5,9.8,12.4,23,,290.63
2025,Ford,F-150 4X4,Pickup truck: Standard,5.0,8,X,14.8,10.3,12.8,22,,301.18333333333334
2025,Ford,F-150 Hybrid 4X4,Pickup truck: Standard,3.5,6,X,11.2,10.0,10.7,26,,251.95600000000002
2025,Ford,F-150 Tremor 4X4,Pickup truck: Standard,3.5,6,X,14.3,11.2,12.9,22,,302.23
2025,Ford,F-150 Tremor 4X4,Pickup truck: Standard,5.0,8,X,15.2,11.9,13.7,21,,321.67
2025,Ford,F-150 Raptor 4X4,Pickup truck: Standard,3.5,6,X,16.6,13.1,15.0,19,,352.09
2025,Ford,F-150 Raptor R 4X4,Pickup truck: Standard,5.2,8,Z,22.8,15.9,19.7,14,,462.03
2025,Ford,Maverick AWD,Pickup truck: Small,2.0,4,X,10.6,7.8,9.4,30,,221.02933333333334
2025,Ford,Maverick Lobo,Pickup truck: Small,2.0,4,X,11.2,7.8,9.7,29,,226.745
2025,Ford,Maverick Tremor AWD,Pickup truck: Small,2.0,4,X,11.2,8.7,10.1,28,,236.56
2025,Ford,Maverick Hybrid,Pickup truck: Small,2.5,4,X,5.6,6.7,6.2,46,,143.70582142857143
2025,Ford,Mustang,Subcompact,2.3,4,X,10.8,7.1,9.2,31,,214.24
2025,Ford,Mustang,Subcompact,5.0,8,X,15.7,10.4,13.3,21,,312.18142857142857
2025,Ford,Mustang,Subcompact,5.0,8,X,16.1,10.8,13.7,21,,320.98
2025,Ford,Mustang Dark Horse,Subcompact,5.0,8,X,16.5,11.0,14.0,20,,328.52
2025,Ford,Mustang Dark Horse,Subcompact,5.0,8,X,17.2,11.0,14.4,20,,338.24
2025,Ford,Mustang GTD,Subcompact,5.2,8,Z,23.5,13.9,19.2,15,,455.89
2025,Ford,Ranger 4WD,Pickup truck: Standard,2.3,4,X,12.2,9.0,10.7,26,,251.55366666666666
2025,Ford,Ranger 4WD,Pickup truck: Standard,2.7,6,X,12.7,10.1,11.5,25,,270.08
2025,Ford,Ranger Raptor 4WD,Pickup truck: Standard,3.0,6,X,14.9,12.8,14.0,20,,326.885
2025,Genesis,G70 AWD,Compact,2.5,4,Z,11.7,8.4,10.2,28,,238.66916666666668
2025,Genesis,G70 AWD,Compact,3.3,6,Z,14.3,10.7,12.7,22,,298.14
2025,Genesis,G80 AWD,Full-size,2.5,4,Z,11.6,8.1,10.0,28,,234.57
2025,Genesis,G80 AWD,Full-size,3.5,6,Z,15.6,10.2,13.1,22,,306.905
2025,Genesis,G90,Full-size,3.5,6,Z,13.6,9.6,11.8,24,,275.57
2025,Genesis,GV70 AWD,Sport utility vehicle: Small,2.5,4,Z,11.8,9.0,10.6,27,,248.92
2025,Genesis,GV70 AWD,Sport utility vehicle: Small,3.5,6,Z,12.9,10.0,11.6,24,,274.68
2025,Genesis,GV80,Sport utility vehicle: Standard,3.5,6,Z,13.1,10.7,12.0,24,,282.16
2025,Genesis,GV80 AWD,Sport utility vehicle: Standard,2.5,4,Z,12.5,9.8,11.3,25,,264.8666666666666
2025,Genesis,GV80 AWD,Sport utility vehicle: Standard,3.5,6,Z,14.4,10.6,12.7,22,,298.99
2025,GMC,Acadia AWD,Sport utility vehicle: Standard,2.5,4,X,12.3,9.9,11.2,25,,262.53
2025,GMC,Canyon,Pickup truck: Standard,2.7,4,X,12.4,10.3,11.5,25,,269.87
2025,GMC,Canyon 4WD,Pickup truck: Standard,2.7,4,X,13.6,11.0,12.4,23,,290.57
2025,GMC,Canyon AT4X 4WD,Pickup truck: Standard,2.7,4,X,14.1,13.8,14.0,20,,328.175
2025,GMC,Canyon AT4X AEV 4WD,Pickup truck: Standard,2.7,4,X,14.8,15.1,14.9,19,,349.11
2025,GMC,Sierra,Pickup truck: Standard,2.7,4,X,13.4,11.2,12.5,23,,292.66
2025,GMC,Sierra,Pickup truck: Standard,3.0,6,D,10.0,8.3,9.3,30,,250.2
2025,GMC,Sierra,Pickup truck: Standard,5.3,8,X,14.9,11.7,13.5,21,,318.67
2025,GMC,Sierra 4WD,Pickup truck: Standard,2.7,4,X,14.1,12.7,13.5,21,,318.19
2025,GMC,Sierra 4WD (With Sport Mode),Pickup truck: Standard,2.7,4,X,14.2,12.9,13.6,21,,318.48
2025,GMC,Sierra 4WD Mud Terrain Tire,Pickup truck: Standard,2.7,4,X,14.7,13.8,14.3,20,,335.47
2025,GMC,Sierra 4WD,Pickup truck: Standard,3.0,6,D,10.6,9.0,9.9,29,,264.63
2025,GMC,Sierra 4WD Mud Terrain Tire,Pickup truck: Standard,3.0,6,D,11.1,10.0,10.6,27,,284.60249999999996
2025,GMC,Sierra 4WD,Pickup truck: Standard,5.3,8,X,15.4,12.6,14.2,20,,332.04
2025,GMC,Sierra 4WD FFV,Pickup truck: Standard,5.3,8,X,15.2,12.2,13.9,20,,326.0
2025,GMC,Sierra 4WD FFV,Pickup truck: Standard,5.3,8,E,21.3,16.6,19.2,15,,317.98
2025,GMC,Sierra 4WD Mud Terrain Tire,Pickup truck: Standard,5.3,8,X,15.7,13.2,14.6,19,,342.495
2025,GMC,Sierra 4WD,Pickup truck: Standard,6.2,8,Z,16.0,12.1,14.3,20,,335.46
2025,GMC,Sierra 4WD Mud Terrain Tire,Pickup truck: Standard,6.2,8,Z,17.1,14.0,15.7,18,,366.95
2025,GMC,Sierra 4WD AT4X,Pickup truck: Standard,3.0,6,D,12.2,12.0,12.1,23,,302.7125
2025,GMC,Sierra 4WD AT4X,Pickup truck: Standard,6.2,8,Z,17.1,14.7,16.0,18,,374.09
2025,GMC,Terrain,Sport utility vehicle: Small,1.5,4,X,9.2,8.3,8.8,32,,207.35
2025,GMC,Terrain AWD,Sport utility vehicle: Small,1.5,4,X,10.0,8.4,9.3,30,,217.98166666666668
2025,GMC,Yukon,Sport utility vehicle: Standard,5.3,8,X,15.7,12.0,14.0,20,,327.5
2025,GMC,Yukon 4WD,Sport utility vehicle: Standard,5.3,8,X,15.9,12.5,14.4,20,,338.47
2025,GMC,Yukon 4WD,Sport utility vehicle: Standard,6.2,8,Z,16.6,13.0,15.0,19,,351.14
2025,GMC,Yukon XL,Sport utility vehicle: Standard,5.3,8,X,15.7,12.0,14.0,20,,327.5
2025,GMC,Yukon XL 4WD,Sport utility vehicle: Standard,5.3,8,X,17.1,12.6,15.1,19,,353.96
2025,GMC,Yukon XL 4WD,Sport utility vehicle: Standard,6.2,8,Z,16.6,13.0,15.0,19,,350.66
2025,Honda,Accord,Full-size,1.5,4,X,8.1,6.4,7.3,39,,170.98
2025,Honda,Accord Hybrid Sport/Touring,Mid-size,2.0,4,X,5.0,5.7,5.3,53,,124.02
2025,Honda,Civic Hatchback,Full-size,2.0,4,X,7.7,6.1,7.0,40,,164.5
2025,Honda,Civic Hatchback Hybrid,Full-size,2.0,4,X,4.8,5.4,5.0,56,,116.05
2025,Honda,Civic Sedan,Mid-size,2.0,4,X,7.4,5.8,6.7,42,,157.64
2025,Honda,Civic Sedan,Mid-size,2.0,4,X,7.6,6.0,6.9,41,,162.22
2025,Honda,Civic Sedan Hybrid,Mid-size,2.0,4,X,4.7,5.1,4.9,58,,114.43
2025,Honda,Civic Sedan Si,Mid-size,1.5,4,Z,8.7,6.4,7.7,37,,180.04
2025,Honda,Civic Type R,Full-size,2.0,4,Z,10.8,8.3,9.7,29,,224.98
2025,Honda,CR-V,Sport utility vehicle: Small,1.5,4,X,8.4,7.1,7.8,36,,181.07
2025,Honda,CR-V AWD,Sport utility vehicle: Small,1.5,4,X,9.1,7.6,8.4,34,,197.48466666666667
2025,Honda,CR-V Hybrid AWD,Sport utility vehicle: Small,2.0,4,X,6.0,6.9,6.4,44,,150.75916666666666
2025,Honda,HR-V,Station wagon: Small,2.0,4,X,9.1,7.4,8.3,34,,194.13
2025,Honda,HR-V AWD,Station wagon: Small,2.0,4,X,9.4,7.8,8.7,32,,203.1
2025,Honda,Odyssey,Minivan,3.5,6,X,12.2,8.5,10.6,27,,248.0
2025,Honda,Passport AWD,Sport utility vehicle: Small,3.5,6,X,12.5,9.8,11.3,25,,265.0
2025,Honda,Pilot AWD,Sport utility vehicle: Standard,3.5,6,X,12.4,9.3,11.0,26,,257.8
2025,Honda,Pilot AWD Touring/Elite/Black,Sport utility vehicle: Standard,3.5,6,X,12.7,9.4,11.2,25,,262.065
2025,Honda,Pilot AWD TrailSport,Sport utility vehicle: Standard,3.5,6,X,13.2,10.1,11.8,24,,275.91
2025,Honda,Ridgeline AWD,Pickup truck: Standard,3.5,6,X,12.8,9.9,11.5,25,,270.93
2025,Honda,Ridgeline AWD TrailSport,Pickup truck: Standard,3.5,6,X,12.8,10.2,11.6,24,,273.32
2025,Hyundai,Elantra,Mid-size,1.6,4,X,8.3,6.8,7.6,37,,178.92
2025,Hyundai,Elantra,Mid-size,2.0,4,X,7.7,5.9,6.9,41,,163.32
2025,Hyundai,Elantra (Stop/Start),Mid-size,2.0,4,X,7.3,5.7,6.5,43,,152.5075
2025,Hyundai,Elantra Hybrid,Mid-size,1.6,4,X,4.8,4.5,4.7,60,,109.95
2025,Hyundai,Elantra N,Mid-size,2.0,4,Z,11.8,8.6,10.4,27,,244.29
2025,Hyundai,Elantra N,Mid-size,2.0,4,Z,11.0,8.1,9.7,29,,227.06
2025,Hyundai,Kona,Sport utility vehicle: Small,2.0,4,X,8.4,6.7,7.6,37,,178.75
2025,Hyundai,Kona (Stop/Start),Sport utility vehicle: Small,2.0,4,X,8.1,6.8,7.5,38,,175.93083333333337
2025,Hyundai,Kona AWD,Sport utility vehicle: Small,1.6,4,X,9.6,8.2,9.0,31,,211.61883333333333
2025,Hyundai,Kona AWD,Sport utility vehicle: Small,2.0,4,X,9.0,8.1,8.6,33,,201.16
2025,Hyundai,Kona AWD (Stop/Start),Sport utility vehicle: Small,2.0,4,X,8.8,8.1,8.5,33,,198.57
2025,Hyundai,Palisade AWD,Sport utility vehicle: Small,3.8,6,X,12.2,9.7,11.1,25,,262.62
2025,Hyundai,Santa Cruz AWD,Sport utility vehicle: Small,2.5,4,X,12.4,8.5,10.7,26,,251.63026190476185
2025,Hyundai,Santa Cruz AWD XRT,Sport utility vehicle: Small,2.5,4,X,12.8,8.9,11.1,25,,261.69
2025,Hyundai,Santa Fe AWD,Sport utility vehicle: Small,2.5,4,X,12.1,8.8,10.6,27,,249.1
2025,Hyundai,Santa Fe AWD XRT,Sport utility vehicle: Small,2.5,4,X,12.2,9.1,10.8,26,,253.63
2025,Hyundai,Santa Fe Hybrid AWD,Sport utility vehicle: Small,1.6,4,X,6.8,6.9,6.9,41,,161.49
2025,Hyundai,Sonata,Full-size,2.5,4,X,10.1,7.3,8.8,32,,207.27
2025,Hyundai,Sonata,Full-size,2.5,4,X,9.6,6.5,8.2,34,,193.08
2025,Hyundai,Sonata AWD,Full-size,2.5,4,X,9.9,7.0,8.6,33,,202.1068333333333
2025,Hyundai,Sonata Hybrid,Full-size,2.0,4,X,5.3,4.6,5.0,56,,117.0
2025,Hyundai,Tucson AWD,Sport utility vehicle: Small,2.5,4,X,9.7,7.7,8.8,32,,206.12
2025,Hyundai,Tucson Hybrid,Sport utility vehicle: Small,1.6,4,X,6.7,6.7,6.7,42,,157.99416666666667
2025,Hyundai,Venue,Sport utility vehicle: Small,1.6,4,X,7.9,6.9,7.5,38,,176.75650000000002
2025,Infiniti,QX50 AWD,Sport utility vehicle: Small,2.0,4,Z,10.8,8.3,9.7,29,,228.28149999999997
2025,Infiniti,QX55 AWD,Sport utility vehicle: Small,2.0,4,Z,10.4,8.3,9.4,30,,220.86
2025,Infiniti,QX60 AWD,Sport utility vehicle: Standard,2.0,4,Z,10.9,8.8,10.0,28,,234.98
2025,Infiniti,QX80 4WD,Sport utility vehicle: Standard,3.5,6,Z,15.1,12.2,13.8,20,,321.4133333333333
2025,Jaguar,F-Pace P250,Sport utility vehicle: Small,2.0,4,Z,10.8,8.8,9.9,29,,231.83333333333331
2025,Jaguar,F-Pace P400,Sport utility vehicle: Small,3.0,6,Z,12.6,9.4,11.1,25,,260.77
2025,Jaguar,F-Pace P550 SVR,Sport utility vehicle: Small,5.0,8,Z,15.7,11.4,13.8,20,,322.40916666666664
2025,Jeep,Compass 4X4,Sport utility vehicle: Small,2.0,4,X,9.9,7.4,8.8,32,,205.22
2025,Jeep,Gladiator 4X4,Pickup truck: Standard,3.6,6,X,13.7,10.7,12.3,23,,289.85
2025,Jeep,Grand Cherokee 4X4,Sport utility vehicle: Standard,3.6,6,X,12.3,9.2,10.9,26,,256.03
2025,Jeep,Grand Cherokee L 4X4,Sport utility vehicle: Standard,3.6,6,X,13.0,9.4,11.3,25,,265.96
2025,Jeep,Grand Wagoneer 4X4 (High Output),Sport utility vehicle: Standard,3.0,6,Z,16.3,11.8,14.3,20,,334.2
2025,Jeep,Grand Wagoneer L 4X4 (High Output),Sport utility vehicle: Standard,3.0,6,Z,16.3,11.8,14.3,20,,334.2
2025,Jeep,Wagoneer 4X4,Sport utility vehicle: Standard,3.0,6,X,14.5,10.1,12.5,23,,292.91
2025,Jeep,Wagoneer L 4X4,Sport utility vehicle: Standard,3.0,6,X,14.5,10.4,12.7,22,,296.96
2025,Jeep,Wrangler JL 4X4,Sport utility vehicle: Small,2.0,4,X,11.6,10.2,11.0,26,,257.52
2025,Jeep,Wrangler JL 4X4,Sport utility vehicle: Small,3.6,6,X,13.9,10.2,12.2,23,,286.43
2025,Jeep,Wrangler JL Unlimited 4X4,Sport utility vehicle: Small,2.0,4,X,11.9,10.5,11.3,25,,264.755
2025,Jeep,Wrangler JL Unlimited 4X4,Sport utility vehicle: Small,3.6,6,X,14.3,10.5,12.6,22,,295.7116666666667
2025,Kia,Carnival,Minivan,3.5,6,X,12.9,8.8,11.1,25,,259.83
2025,Kia,Carnival Hybrid,Minivan,1.6,4,X,6.9,7.6,7.2,39,,168.95050000000003
2025,Kia,K4,Mid-size,1.6,4,X,9.2,6.6,8.0,35,,188.23
2025,Kia,K4,Mid-size,2.0,4,X,8.4,6.0,7.3,39,,170.69
2025,Kia,K4 (Without DMS),Mid-size,2.0,4,X,7.9,5.8,7.0,40,,164.88
2025,Kia,Niro,Sport utility vehicle: Small,1.6,4,X,4.5,5.2,4.8,59,,112.9
2025,Kia,Niro FE,Sport utility vehicle: Small,1.6,4,X,4.5,4.4,4.4,64,,104.01
2025,Kia,Seltos,Sport utility vehicle: Small,2.0,4,X,8.3,6.8,7.6,37,,178.86
2025,Kia,Seltos AWD,Sport utility vehicle: Small,1.6,4,X,9.7,8.6,9.2,31,,216.04566666666665
2025,Kia,Seltos AWD,Sport utility vehicle: Small,2.0,4,X,8.8,7.5,8.2,34,,192.66
2025,Kia,Sorento AWD,Sport utility vehicle: Small,2.5,4,X,11.5,8.7,10.3,27,,241.06425
2025,Kia,Sorento AWD,Sport utility vehicle: Small,2.5,4,X,10.2,8.5,9.4,30,,219.91
2025,Kia,Sorento Hybrid AWD,Sport utility vehicle: Small,1.6,4,X,7.0,6.9,7.0,40,,162.93
2025,Kia,Soul,Station wagon: Small,2.0,4,X,8.5,7.0,7.9,36,,187.04
2025,Kia,Sportage,Sport utility vehicle: Small,2.5,4,X,9.3,7.1,8.3,34,,194.8
2025,Kia,Sportage AWD,Sport utility vehicle: Small,2.5,4,X,10.1,8.7,9.4,30,,219.95
2025,Kia,Sportage Hybrid AWD,Sport utility vehicle: Small,1.6,4,X,6.1,6.3,6.2,46,,144.6230476190476
2025,Kia,Telluride AWD,Sport utility vehicle: Small,3.8,6,X,13.1,10.0,11.7,24,,274.91
2025,Land Rover,Defender 90 P300,Sport utility vehicle: Standard,2.0,4,Z,13.1,11.4,12.3,23,,288.92
2025,Land Rover,Defender 110 P300,Sport utility vehicle: Standard,2.0,4,Z,13.2,11.9,12.6,22,,291.4
2025,Land Rover,Discovery P300,Sport utility vehicle: Standard,2.0,4,Z,12.2,9.8,11.1,25,,261.56
2025,Land Rover,Discovery P360,Sport utility vehicle: Standard,3.0,6,Z,13.6,10.3,12.1,23,,285.3283333333333
2025,Land Rover,Discovery Sport P250,Sport utility vehicle: Small,2.0,4,Z,12.7,10.0,11.5,25,,270.97
2025,Land Rover,Range Rover P530,Sport utility vehicle: Standard,4.4,8,Z,14.5,10.2,12.6,22,,294.4558333333333
2025,Land Rover,Range Rover P530 LWB,Sport utility vehicle: Standard,4.4,8,Z,15.2,10.8,13.2,21,,309.2258333333333
2025,Land Rover,Range Rover SV P615,Sport utility vehicle: Standard,4.4,8,Z,15.2,10.8,13.2,21,,309.2258333333333
2025,Land Rover,Range Rover SV P615 LWB,Sport utility vehicle: Standard,4.4,8,Z,15.2,10.8,13.2,21,,309.2258333333333
2025,Land Rover,Range Rover Sport P530,Sport utility vehicle: Standard,4.4,8,Z,14.5,10.2,12.6,22,,294.4558333333333
2025,Land Rover,Range Rover Sport SV P635,Sport utility vehicle: Standard,4.4,8,Z,15.0,10.8,13.1,22,,306.92
2025,Land Rover,Range Rover Evoque P250,Sport utility vehicle: Small,2.0,4,Z,11.9,8.8,10.5,27,,247.04333333333332
2025,Land Rover,Range Rover Velar P250,Sport utility vehicle: Small,2.0,4,Z,10.9,8.9,10.0,28,,236.2
2025,Land Rover,Range Rover Velar P340,Sport utility vehicle: Small,3.0,6,Z,12.1,9.0,10.7,26,,252.66
2025,Land Rover,Range Rover Velar P400,Sport utility vehicle: Small,3.0,6,Z,12.6,9.4,11.1,25,,260.88
2025,Lexus,ES 250 AWD,Mid-size,2.5,4,X,9.6,7.0,8.4,34,,195.86159523809525
2025,Lexus,ES 300h,Mid-size,2.5,4,X,5.5,5.2,5.3,53,,123.97
2025,Lexus,ES 350,Mid-size,3.5,6,X,10.7,7.3,9.2,31,,214.04
2025,Lexus,ES 350 F SPORT,Mid-size,3.5,6,X,10.9,7.5,9.4,30,,219.0
2025,Lexus,GX 550,Sport utility vehicle: Standard,3.4,6,Z,15.3,11.2,13.5,21,,314.258
2025,Lexus,IS 300 AWD,Compact,3.5,6,Z,12.2,9.0,10.8,26,,253.0
2025,Lexus,IS 350 AWD,Compact,3.5,6,Z,12.2,9.0,10.8,26,,253.0
2025,Lexus,IS 500,Compact,5.0,8,Z,14.1,9.3,11.9,24,,280.05
2025,Lexus,LC 500,Subcompact,5.0,8,Z,15.2,9.7,12.7,22,,298.93
2025,Lexus,LC 500 Convertible,Minicompact,5.0,8,Z,16.0,9.5,13.0,22,,304.06
2025,Lexus,LC 500h,Subcompact,3.5,6,Z,9.0,7.1,8.1,35,,189.01
2025,Lexus,LS 500 AWD,Mid-size,3.4,6,Z,13.8,8.7,11.2,25,,269.7
2025,Lexus,LS 500h AWD,Mid-size,3.5,6,Z,10.1,8.1,9.2,31,,215.88376190476188
2025,Lexus,LX 600,Sport utility vehicle: Standard,3.4,6,Z,14.2,10.8,12.7,22,,298.36
2025,Lexus,LX 700h,Sport utility vehicle: Standard,3.4,6,Z,12.5,10.7,11.7,24,,273.045
2025,Lexus,NX 250 AWD,Sport utility vehicle: Small,2.5,4,X,9.4,7.4,8.4,34,,197.98
2025,Lexus,NX 350 AWD,Sport utility vehicle: Small,2.4,4,Z,10.9,8.5,9.8,29,,229.84
2025,Lexus,NX 350 AWD F SPORT,Sport utility vehicle: Small,2.4,4,Z,11.2,8.3,9.7,29,,228.79
2025,Lexus,NX 350h AWD,Sport utility vehicle: Small,2.5,4,Z,5.7,6.4,6.0,47,,139.71213095238096
2025,Lexus,RC 300 AWD,Subcompact,3.5,6,Z,12.2,9.0,10.8,26,,253.0
2025,Lexus,RC 350 AWD,Subcompact,3.5,6,Z,12.2,9.0,10.8,26,,253.0
2025,Lexus,RC F,Subcompact,5.0,8,Z,14.4,9.6,12.2,23,,285.12
2025,Lexus,RX 350 AWD,Sport utility vehicle: Small,2.4,4,Z,11.2,8.3,9.9,29,,231.21
2025,Lexus,RX 350h AWD,Sport utility vehicle: Small,2.5,4,Z,6.3,6.8,6.5,43,,150.87
2025,Lexus,RX 500h AWD,Sport utility vehicle: Small,2.4,4,Z,8.7,8.4,8.6,33,,199.16666666666669
2025,Lexus,TX 350 AWD,Sport utility vehicle: Standard,2.4,4,Z,11.5,8.9,10.3,27,,241.46347619047617
2025,Lexus,TX 500h AWD,Sport utility vehicle: Standard,2.4,4,Z,8.7,8.4,8.6,33,,199.69783333333336
2025,Lexus,UX 300h AWD,Compact,2.0,4,X,5.3,5.9,5.6,50,,130.13
2025,Lexus,UX 300h AWD,Compact,2.0,4,X,5.3,5.9,5.6,50,,130.13
2025,Lincoln,Aviator AWD,Sport utility vehicle: Standard,3.0,6,X,13.8,9.5,11.9,24,,279.99
2025,Lincoln,Corsair AWD,Sport utility vehicle: Small,2.0,4,X,11.2,8.3,9.9,29,,231.955
2025,Lincoln,Nautilus AWD,Sport utility vehicle: Small,2.0,4,X,11.2,8.1,9.8,29,,229.22
2025,Lincoln,Nautilus Hybrid AWD,Sport utility vehicle: Small,2.0,4,X,7.9,7.6,7.7,37,,180.26
2025,Lincoln,Navigator 4WD,Sport utility vehicle: Standard,3.5,6,X,15.6,10.8,13.5,21,,316.88416666666666
2025,Mazda,CX-30 4WD,Sport utility vehicle: Small,2.5,4,X,9.0,7.1,8.2,34,,192.18
2025,Mazda,CX-30 Turbo 4WD,Sport utility vehicle: Small,2.5,4,X,10.5,7.9,9.3,30,,220.0
2025,Mazda,CX-5 4WD,Sport utility vehicle: Small,2.5,4,X,10.2,8.2,9.3,30,,216.7492976190476
2025,Mazda,CX-5 4WD (Cylinder Deactivation),Sport utility vehicle: Small,2.5,4,X,9.1,7.7,8.5,33,,199.4
2025,Mazda,CX-5 Turbo 4WD,Sport utility vehicle: Small,2.5,4,X,10.8,8.7,9.8,29,,229.99
2025,Mazda,CX-50 4WD,Sport utility vehicle: Small,2.5,4,X,9.7,8.0,8.9,32,,208.66
2025,Mazda,CX-50 Turbo 4WD,Sport utility vehicle: Small,2.5,4,X,10.4,8.2,9.4,30,,220.59
2025,Mazda,CX-50 Hybrid 4WD,Sport utility vehicle: Small,2.5,4,X,6.1,6.4,6.2,46,,143.6653611111111
2025,Mazda,CX-70 4WD,Sport utility vehicle: Standard,3.3,6,X,9.9,8.4,9.3,30,,216.6245
2025,Mazda,CX-70 4WD (High Power),Sport utility vehicle: Standard,3.3,6,Z,10.3,8.5,9.5,30,,222.11
2025,Mazda,CX-90 4WD,Sport utility vehicle: Standard,3.3,6,X,9.9,8.4,9.3,30,,216.54366666666664
2025,Mazda,CX-90 4WD (High Power),Sport utility vehicle: Standard,3.3,6,Z,10.3,8.5,9.5,30,,222.1
2025,Mazda,Mazda3 4-Door,Compact,2.5,4,X,8.4,6.3,7.5,38,,174.08
2025,Mazda,Mazda3 4-Door 4WD,Compact,2.5,4,X,8.9,6.6,7.9,36,,184.93
2025,Mazda,Mazda3 4-Door Turbo 4WD,Compact,2.5,4,X,10.1,7.3,8.8,32,,206.95
2025,Mazda,Mazda3 5-Door,Mid-size,2.5,4,X,8.5,6.5,7.6,37,,178.38
2025,Mazda,Mazda3 5-Door (SIL),Mid-size,2.5,4,X,9.0,6.4,7.8,36,,183.61916666666664
2025,Mazda,Mazda3 5-Door 4WD,Mid-size,2.5,4,X,9.0,7.1,8.1,35,,190.39
2025,Mazda,Mazda3 5-Door Turbo 4WD,Mid-size,2.5,4,X,10.1,7.5,8.9,32,,208.98
2025,Mazda,MX-5,Two-seater,2.0,4,Z,9.0,6.7,8.0,35,,186.79
2025,Mazda,MX-5 (SIL),Two-seater,2.0,4,Z,9.0,7.0,8.1,35,,189.0
2025,Mercedes-Benz,AMG C 43 4MATIC Sedan,Compact,2.0,4,Z,12.5,8.8,10.8,26,,253.35
2025,Mercedes-Benz,AMG CLA 35 4MATIC Coupe,Compact,2.0,4,Z,10.8,8.0,9.6,29,,224.99
2025,Mercedes-Benz,AMG CLA 45 S 4MATIC Coupe,Compact,2.0,4,Z,11.7,8.4,10.2,28,,238.4441666666667
2025,Mercedes-Benz,AMG CLE 53 4MATIC+ Cabriolet,Subcompact,3.0,6,Z,12.1,9.2,10.8,26,,253.04
2025,Mercedes-Benz,AMG CLE 53 4MATIC+ Coupe,Subcompact,3.0,6,Z,11.7,8.7,10.4,27,,243.74
2025,Mercedes-Benz,AMG G 63 SUV,Sport utility vehicle: Standard,4.0,8,Z,17.4,14.7,16.2,17,,379.22
2025,Mercedes-Benz,AMG GLA 35 4MATIC Coupe,Station wagon: Small,2.0,4,Z,10.9,8.4,9.8,29,,229.5
2025,Mercedes-Benz,AMG GLB 35 4MATIC Coupe,Station wagon: Small,2.0,4,Z,11.5,8.9,10.3,27,,241.48925
2025,Mercedes-Benz,AMG GLC 43 4MATIC+ SUV,Station wagon: Small,2.0,4,Z,12.6,9.4,11.2,25,,262.44
2025,Mercedes-Benz,AMG GLC 43 4MATIC Coupe,Station wagon: Small,2.0,4,Z,12.7,9.8,11.4,25,,268.56
2025,Mercedes-Benz,AMG GLE 53 4MATIC+ SUV,Sport utility vehicle: Standard,3.0,6,Z,12.9,10.2,11.7,24,,273.1066666666667
2025,Mercedes-Benz,AMG GLE 53 4MATIC+ Coupe,Sport utility vehicle: Standard,3.0,6,Z,13.2,10.7,12.1,23,,285.13
2025,Mercedes-Benz,AMG GLE 63 S 4MATIC+ SUV,Sport utility vehicle: Standard,4.0,8,Z,17.2,12.8,15.2,19,,356.98
2025,Mercedes-Benz,AMG GLE 63 S 4MATIC+ Coupe,Sport utility vehicle: Standard,4.0,8,Z,17.2,12.8,15.2,19,,356.98
2025,Mercedes-Benz,AMG GLS 63 4MATIC+ SUV,Sport utility vehicle: Standard,4.0,8,Z,17.2,13.1,15.3,18,,359.59
2025,Mercedes-Benz,AMG GT 53 4MATIC+,Compact,3.0,6,Z,12.3,10.0,11.3,25,,264.92566666666664
2025,Mercedes-Benz,AMG GT 55 4MATIC+ Coupe,Subcompact,4.0,8,Z,19.7,12.6,16.5,17,,388.68333333333334
2025,Mercedes-Benz,AMG GT 63 4MATIC+ Coupe,Subcompact,4.0,8,Z,19.7,12.6,16.5,17,,388.68333333333334
2025,Mercedes-Benz,AMG SL 43 4MATIC Roadster,Minicompact,2.0,4,Z,12.2,8.8,10.7,26,,251.14066666666665
2025,Mercedes-Benz,AMG SL 55 4MATIC+ Roadster,Minicompact,4.0,8,Z,18.2,11.3,15.1,19,,355.04
2025,Mercedes-Benz,AMG SL 63 4MATIC+ Roadster,Minicompact,4.0,8,Z,18.2,11.3,15.1,19,,355.04
2025,Mercedes-Benz,C 300 4MATIC Sedan,Compact,2.0,4,Z,10.0,7.1,8.7,32,,202.8139285714286
2025,Mercedes-Benz,CLA 250 4MATIC Coupe,Compact,2.0,4,Z,9.3,6.9,8.2,34,,192.13
2025,Mercedes-Benz,CLE 300 4MATIC Cabriolet,Subcompact,2.0,4,Z,10.4,7.4,9.1,31,,212.09
2025,Mercedes-Benz,CLE 300 4MATIC Coupe,Subcompact,2.0,4,Z,9.8,7.1,8.6,33,,201.57
2025,Mercedes-Benz,CLE 450 4MATIC Cabriolet,Subcompact,3.0,6,Z,10.2,7.4,8.9,32,,207.92
2025,Mercedes-Benz,CLE 450 4MATIC Coupe,Subcompact,3.0,6,Z,10.4,7.1,9.0,31,,209.88
2025,Mercedes-Benz,E 350 4MATIC Sedan,Mid-size,2.0,4,Z,10.0,7.2,8.7,32,,204.38
2025,Mercedes-Benz,E 450 4MATIC Sedan,Mid-size,3.0,6,Z,10.8,7.7,9.4,30,,220.7
2025,Mercedes-Benz,G 550 SUV,Sport utility vehicle: Standard,3.0,6,Z,13.6,12.4,13.1,22,,307.09
2025,Mercedes-Benz,GLA 250 4MATIC SUV,Sport utility vehicle: Small,2.0,4,Z,9.4,7.1,8.4,34,,195.95666666666665
2025,Mercedes-Benz,GLB 250 4MATIC SUV,Sport utility vehicle: Small,2.0,4,Z,9.8,7.2,8.6,33,,201.65
2025,Mercedes-Benz,GLC 300 4MATIC SUV,Sport utility vehicle: Small,2.0,4,Z,10.0,7.6,8.9,32,,208.02
2025,Mercedes-Benz,GLC 300 4MATIC Coupe,Sport utility vehicle: Small,2.0,4,Z,10.1,7.7,9.0,31,,211.1
2025,Mercedes-Benz,GLE 350 4MATIC SUV,Sport utility vehicle: Standard,2.0,4,Z,12.2,9.2,10.8,26,,253.13
2025,Mercedes-Benz,GLE 450 4MATIC SUV,Sport utility vehicle: Standard,3.0,6,Z,12.5,9.6,11.2,25,,262.49
2025,Mercedes-Benz,GLE 450 4MATIC Coupe,Sport utility vehicle: Standard,3.0,6,Z,12.5,9.6,11.2,25,,262.49
2025,Mercedes-Benz,GLS 450 4MATIC SUV,Sport utility vehicle: Standard,3.0,6,Z,12.7,9.6,11.3,25,,265.53
2025,Mercedes-Benz,GLS 580 4MATIC SUV,Sport utility vehicle: Standard,4.0,8,Z,16.6,12.1,14.6,19,,342.5346666666667
2025,Mercedes-Benz,GLS 600 4MATIC Maybach SUV,Sport utility vehicle: Standard,4.0,8,Z,17.9,12.9,15.6,18,,363.66
2025,Mercedes-Benz,Maybach S 580 4MATIC Sedan,Full-size,4.0,8,Z,14.6,8.8,12.0,24,,281.6
2025,Mercedes-Benz,Maybach S 680 4MATIC Sedan,Full-size,6.0,12,Z,19.8,11.6,16.1,18,,377.19
2025,Mercedes-Benz,S 500 4MATIC Sedan,Full-size,3.0,6,Z,11.2,7.7,9.6,29,,223.9775
2025,Mercedes-Benz,S 580 4MATIC Sedan,Full-size,4.0,8,Z,14.1,9.4,12.0,24,,281.3
2025,MINI,Cooper 3 Door,Subcompact,2.0,4,Z,8.5,6.0,7.4,38,,173.37666666666667
2025,MINI,Cooper 5 Door,Compact,2.0,4,Z,8.5,6.0,7.4,38,,173.36166666666668
2025,MINI,Cooper Convertible,Minicompact,2.0,4,Z,8.8,6.4,7.7,37,,180.15
2025,MINI,Cooper S 3 Door,Subcompact,2.0,4,Z,8.5,6.1,7.4,38,,173.33666666666667
2025,MINI,Cooper S 5 Door,Compact,2.0,4,Z,8.4,6.1,7.3,39,,170.36
2025,MINI,Cooper S Convertible,Minicompact,2.0,4,Z,8.9,6.6,7.9,36,,184.44
2025,MINI,Cooper S Countryman ALL4,Sport utility vehicle: Small,2.0,4,Z,9.8,7.3,8.7,32,,203.86
2025,MINI,John Cooper Works 3 Door,Subcompact,2.0,4,Z,8.8,6.4,7.7,37,,180.16
2025,MINI,John Cooper Works Convertible,Minicompact,2.0,4,Z,9.0,6.6,7.9,36,,185.5415
2025,MINI,John Cooper Works Countryman ALL4,Sport utility vehicle: Small,2.0,4,Z,10.2,7.9,9.2,31,,212.46
2025,Mitsubishi,Eclipse Cross 4WD,Sport utility vehicle: Small,1.5,4,X,9.6,8.9,9.3,30,,216.0311111111111
2025,Mitsubishi,Outlander 4WD,Sport utility vehicle: Small,2.5,4,X,9.7,7.7,8.8,32,,206.06
2025,Mitsubishi,RVR,Sport utility vehicle: Small,2.0,4,X,9.7,7.8,8.9,32,,207.18
2025,Mitsubishi,RVR 4WD,Sport utility vehicle: Small,2.0,4,X,10.0,8.1,9.1,31,,213.05
2025,Mitsubishi,RVR 4WD,Sport utility vehicle: Small,2.4,4,X,10.3,8.3,9.4,30,,218.15
2025,Nissan,Altima AWD,Mid-size,2.5,4,X,9.3,6.9,8.2,34,,192.47
2025,Nissan,Altima AWD SR/Platinum,Mid-size,2.5,4,X,9.5,7.1,8.4,34,,196.99509523809525
2025,Nissan,Armada 4WD,Sport utility vehicle: Standard,3.5,6,Z,14.7,12.4,13.7,21,,320.711
2025,Nissan,Armada 4WD PRO-4X,Sport utility vehicle: Standard,3.5,6,Z,15.7,12.9,14.4,20,,336.74
2025,Nissan,Frontier,Pickup truck: Standard,3.8,6,X,13.4,9.5,11.6,24,,271.22
2025,Nissan,Frontier 4WD,Pickup truck: Standard,3.8,6,X,13.3,10.9,12.3,23,,288.19
2025,Nissan,Frontier 4WD PRO-4X,Pickup truck: Standard,3.8,6,X,14.0,11.1,12.7,22,,298.32
2025,Nissan,Kicks,Sport utility vehicle: Small,2.0,4,X,8.1,6.6,7.4,38,,173.53333333333336
2025,Nissan,Kicks AWD,Sport utility vehicle: Small,2.0,4,X,8.4,6.9,7.7,37,,180.67
2025,Nissan,Kicks Play,Mid-size,1.6,4,X,7.7,6.6,7.2,39,,169.0668888888889
2025,Nissan,Murano AWD,Sport utility vehicle: Small,2.0,4,X,10.6,8.6,9.7,29,,227.08
2025,Nissan,Pathfinder 4WD,Sport utility vehicle: Small,3.5,6,X,11.7,9.3,10.6,27,,248.995
2025,Nissan,Pathfinder 4WD Rock Creek,Sport utility vehicle: Standard,3.5,6,Z,11.9,10.0,11.1,25,,260.17
2025,Nissan,Rogue,Sport utility vehicle: Small,1.5,3,X,7.8,6.5,7.2,39,,169.31109523809525
2025,Nissan,Rogue AWD,Sport utility vehicle: Small,1.5,3,X,8.4,6.7,7.6,37,,178.95
2025,Nissan,Sentra,Mid-size,2.0,4,X,7.3,5.8,6.6,43,,155.127
2025,Nissan,Sentra SR,Mid-size,2.0,4,X,7.4,6.1,6.9,41,,162.09
2025,Nissan,Sentra,Mid-size,2.0,4,X,9.4,6.4,8.0,35,,188.37900000000002
2025,Nissan,Sentra SR,Mid-size,2.0,4,X,9.5,6.7,8.2,34,,193.47
2025,Nissan,Versa,Compact,1.6,4,X,7.5,5.9,6.8,42,,159.26
2025,Nissan,Versa,Compact,1.6,4,X,8.6,6.7,7.7,37,,180.97
2025,Nissan,Z,Two-seater,3.0,6,Z,12.3,8.6,10.6,27,,249.321761904762
2025,Nissan,Z,Two-seater,3.0,6,Z,13.4,10.0,11.9,24,,279.97
2025,Nissan,Z NISMO,Two-seater,3.0,6,Z,14.1,9.9,12.2,23,,286.0475
2025,Ram,1500,Pickup truck: Standard,3.0,6,X,13.1,9.4,11.5,25,,269.38
2025,Ram,1500 eTorque,Pickup truck: Standard,3.6,6,X,11.9,9.4,10.8,26,,253.0
2025,Ram,1500 4X4,Pickup truck: Standard,3.0,6,X,14.0,9.8,12.1,23,,285.175
2025,Ram,1500 4X4 eTorque,Pickup truck: Standard,3.6,6,X,12.2,9.7,11.0,26,,258.97
2025,Ram,1500 4X4 HO,Pickup truck: Standard,3.0,6,Z,15.7,11.5,13.8,20,,322.13666666666666
2025,Ram,1500 4X4 RHO,Pickup truck: Standard,3.0,6,Z,16.7,14.9,15.9,18,,370.73
2025,Rolls-Royce,Cullinan,Sport utility vehicle: Standard,6.7,12,Z,19.7,12.4,16.4,17,,385.18
2025,Rolls-Royce,Black Badge Cullinan,Sport utility vehicle: Standard,6.7,12,Z,19.7,12.4,16.4,17,,385.18
2025,Rolls-Royce,Ghost,Full-size,6.7,12,Z,19.7,12.4,16.4,17,,385.1
2025,Rolls-Royce,Black Badge Ghost,Full-size,6.7,12,Z,19.7,12.4,16.4,17,,385.108
2025,Rolls-Royce,Ghost Extended,Full-size,6.7,12,Z,19.7,12.4,16.4,17,,385.108
2025,Rolls-Royce,Phantom,Full-size,6.7,12,Z,19.7,12.4,16.4,17,,385.108
2025,Rolls-Royce,Phantom Extended,Full-size,6.7,12,Z,19.7,12.4,16.4,17,,385.108
2025,Subaru,Ascent AWD,Sport utility vehicle: Standard,2.4,4,X,12.3,9.4,11.0,26,,256.68
2025,Subaru,BRZ,Minicompact,2.4,4,Z,11.1,7.8,9.6,29,,224.268
2025,Subaru,BRZ,Minicompact,2.4,4,Z,12.0,8.8,10.5,27,,246.96
2025,Subaru,Crosstrek AWD,Sport utility vehicle: Small,2.0,4,X,8.8,7.0,8.0,35,,187.47644047619048
2025,Subaru,Crosstrek AWD,Sport utility vehicle: Small,2.5,4,X,8.9,7.2,8.1,35,,189.67
2025,Subaru,Crosstrek Wilderness AWD,Sport utility vehicle: Small,2.5,4,X,9.4,8.1,8.8,32,,206.1
2025,Subaru,Forester AWD,Sport utility vehicle: Small,2.5,4,X,9.1,7.2,8.3,34,,194.54
2025,Subaru,Forester Wilderness AWD,Sport utility vehicle: Small,2.5,4,X,9.5,8.3,9.0,31,,210.01
2025,Subaru,Forester e-BOXER Hybrid AWD,Sport utility vehicle: Small,2.5,4,X,6.8,7.0,6.9,41,,161.62
2025,Subaru,Impreza AWD,Station wagon: Small,2.0,4,X,8.8,6.9,8.0,35,,185.69833333333335
2025,Subaru,Impreza AWD,Station wagon: Small,2.5,4,X,9.0,7.2,8.2,34,,190.73
2025,Subaru,Outback AWD,Sport utility vehicle: Small,2.4,4,X,10.6,8.1,9.5,30,,221.41
2025,Subaru,Outback AWD,Sport utility vehicle: Small,2.5,4,X,9.2,7.3,8.3,34,,194.65
2025,Subaru,Outback Wilderness AWD,Sport utility vehicle: Small,2.4,4,X,11.0,9.0,10.1,28,,235.38
2025,Subaru,WRX AWD,Mid-size,2.4,4,Z,12.7,9.4,11.2,25,,262.2
2025,Subaru,WRX AWD,Mid-size,2.4,4,Z,12.4,9.0,10.9,26,,254.65
2025,Toyota,4Runner 4WD (Part-Time 4WD),Sport utility vehicle: Standard,2.4,4,X,12.4,9.6,11.2,25,,262.93
2025,Toyota,4Runner 4WD Limited,Sport utility vehicle: Standard,2.4,4,X,12.0,9.9,11.1,25,,261.75
2025,Toyota,4Runner Hybrid 4WD (Part-Time 4WD),Sport utility vehicle: Standard,2.4,4,X,10.3,9.5,9.9,29,,229.06333333333336
2025,Toyota,4Runner Hybrid 4WD Platinum,Sport utility vehicle: Standard,2.4,4,X,10.5,9.7,10.1,28,,236.22
2025,Toyota,Camry,Mid-size,2.5,4,X,4.9,4.9,4.9,58,,113.26
2025,Toyota,Camry AWD SE/XLE,Mid-size,2.5,4,X,5.1,5.1,5.1,55,,121.04
2025,Toyota,Camry AWD XSE,Mid-size,2.5,4,X,5.3,5.5,5.3,53,,123.43
2025,Toyota,Corolla (1-mode),Compact,2.0,4,X,7.4,5.7,6.7,42,,157.96
2025,Toyota,Corolla (3-mode),Compact,2.0,4,X,7.6,5.9,6.8,42,,159.93
2025,Toyota,Corolla Hatchback,Compact,2.0,4,X,7.5,5.9,6.8,42,,159.04
2025,Toyota,Corolla Hybrid,Compact,1.8,4,X,4.4,5.1,4.7,60,,110.28
2025,Toyota,Corolla Hybrid AWD (2-mode),Compact,1.8,4,X,4.6,5.3,4.9,58,,114.38
2025,Toyota,Corolla Hybrid AWD (3-mode),Compact,1.8,4,X,5.0,5.7,5.3,53,,123.54
2025,Toyota,Corolla Cross,Sport utility vehicle: Small,2.0,4,X,7.6,7.2,7.4,38,,172.915
2025,Toyota,Corolla Cross AWD,Sport utility vehicle: Small,2.0,4,X,8.1,7.5,7.8,36,,182.7
2025,Toyota,Corolla Cross Hybrid AWD,Sport utility vehicle: Small,2.0,4,X,5.2,6.2,5.6,50,,130.18
2025,Toyota,Crown AWD,Mid-size,2.4,4,X,8.1,7.3,7.8,36,,182.13
2025,Toyota,Crown AWD,Mid-size,2.5,4,X,5.6,5.7,5.7,50,,132.75
2025,Toyota,Crown Signia AWD,Station wagon: Small,2.5,4,X,6.0,6.3,6.2,46,,143.37996825396823
2025,Toyota,GR Corolla,Subcompact,1.6,3,Z,12.1,8.6,10.5,27,,246.62399999999997
2025,Toyota,GR Corolla,Subcompact,1.6,3,Z,11.1,8.3,9.8,29,,229.05
2025,Toyota,GR Supra 3.0,Two-seater,3.0,6,Z,10.2,7.7,9.1,31,,212.45
2025,Toyota,GR Supra 3.0,Two-seater,3.0,6,Z,12.7,8.8,10.9,26,,255.01
2025,Toyota,GR86,Minicompact,2.4,4,Z,11.2,7.8,9.7,29,,227.025
2025,Toyota,GR86,Minicompact,2.4,4,Z,12.0,8.9,10.6,27,,248.93
2025,Toyota,Grand Highlander AWD Limited,Sport utility vehicle: Standard,2.4,4,X,11.6,9.0,10.7,26,,249.86416666666665
2025,Toyota,Grand Highlander AWD XLE,Sport utility vehicle: Standard,2.4,4,X,11.2,8.6,10.0,28,,235.15
2025,Toyota,Grand Highlander Hybrid AWD,Sport utility vehicle: Standard,2.5,4,X,6.6,7.4,7.0,40,,161.79
2025,Toyota,Grand Highlander Hybrid MAX AWD,Sport utility vehicle: Standard,2.4,4,X,9.0,8.6,8.8,32,,206.12
2025,Toyota,Highlander AWD,Sport utility vehicle: Small,2.4,4,X,11.0,8.4,9.9,29,,231.60221428571424
2025,Toyota,Highlander Hybrid AWD,Sport utility vehicle: Standard,2.5,4,X,6.7,6.8,6.7,42,,157.8466666666667
2025,Toyota,Highlander Hybrid AWD Limited/Platinum,Sport utility vehicle: Standard,2.5,4,X,6.6,6.8,6.7,42,,156.02
2025,Toyota,Land Cruiser,Sport utility vehicle: Standard,2.4,4,Z,10.7,9.5,10.1,28,,236.05
2025,Toyota,Prius AWD,Mid-size,2.0,4,X,4.8,4.7,4.8,59,,111.05
2025,Toyota,RAV4 AWD,Sport utility vehicle: Small,2.5,4,X,9.5,7.2,8.5,33,,199.03
2025,Toyota,RAV4 AWD (Stop/Start),Sport utility vehicle: Small,2.5,4,X,8.8,7.1,8.0,35,,187.021
2025,Toyota,RAV4 AWD LE,Sport utility vehicle: Small,2.5,4,X,8.7,6.9,7.9,36,,184.03
2025,Toyota,RAV4 Hybrid AWD,Sport utility vehicle: Small,2.5,4,X,5.8,6.3,6.0,47,,139.99914285714286
2025,Toyota,RAV4 Hybrid AWD Woodland Edition,Sport utility vehicle: Small,2.5,4,X,6.1,6.8,6.4,44,,149.68333333333334
2025,Toyota,Sequoia 4WD,Sport utility vehicle: Standard,3.4,6,X,12.6,10.5,11.7,24,,273.11
2025,Toyota,Sienna,Minivan,2.5,4,X,6.6,6.5,6.6,43,,153.7810476190476
2025,Toyota,Sienna AWD,Minivan,2.5,4,X,6.8,6.7,6.8,42,,159.58
2025,Toyota,Tacoma 4WD (2-mode),Pickup truck: Small,2.4,4,X,12.5,9.6,11.2,25,,263.49
2025,Toyota,Tacoma 4WD (3-mode),Pickup truck: Small,2.4,4,X,12.4,10.2,11.4,25,,268.7
2025,Toyota,Tacoma 4WD,Pickup truck: Small,2.4,4,X,13.2,10.3,11.9,24,,278.83
2025,Toyota,Tacoma Hybrid 4WD,Pickup truck: Standard,2.4,4,X,10.5,9.9,10.3,27,,240.97
2025,Toyota,Tacoma Hybrid 4WD Limited,Pickup truck: Standard,2.4,4,X,10.5,9.7,10.1,28,,236.22
2025,Toyota,Tundra,Pickup truck: Standard,3.4,6,X,13.3,10.5,12.0,24,,281.06
2025,Toyota,Tundra 4WD (1-mode),Pickup truck: Standard,3.4,6,X,13.7,10.8,12.4,23,,290.89
2025,Toyota,Tundra 4WD (3-mode)/TRD,Pickup truck: Standard,3.4,6,X,13.5,10.6,12.2,23,,285.895
2025,Toyota,Tundra Hybrid 4WD,Pickup truck: Standard,3.4,6,X,12.7,10.5,11.7,24,,274.0
2025,Toyota,Tundra Hybrid 4WD TRD PRO,Pickup truck: Standard,3.4,6,X,12.9,11.6,12.3,23,,287.23
2025,Volkswagen,Atlas 4MOTION Comfortline,Sport utility vehicle: Small,2.0,4,X,12.7,9.2,11.1,25,,260.61
2025,Volkswagen,Atlas 4MOTION Highline/Execline,Sport utility vehicle: Small,2.0,4,X,12.8,9.4,11.3,25,,265.01166666666666
2025,Volkswagen,Atlas 4MOTION Peak Edition,Sport utility vehicle: Small,2.0,4,X,13.2,9.4,11.5,25,,269.58
2025,Volkswagen,Atlas Cross Sport 4MOTION,Sport utility vehicle: Small,2.0,4,X,12.7,9.2,11.1,25,,260.61
2025,Volkswagen,Golf GTI,Compact,2.0,4,X,9.9,7.4,8.8,32,,204.65
2025,Volkswagen,Golf R,Compact,2.0,4,Z,10.5,7.7,9.3,30,,217.43
2025,Volkswagen,Jetta,Compact,1.5,4,X,8.4,6.1,7.4,38,,173.99666666666667
2025,Volkswagen,Jetta GLI,Compact,2.0,4,X,9.5,6.7,8.2,34,,192.94
2025,Volkswagen,Jetta GLI,Compact,2.0,4,X,9.1,6.5,8.0,35,,186.185
2025,Volkswagen,Taos,Sport utility vehicle: Small,1.5,4,X,8.3,6.4,7.4,38,,174.17
2025,Volkswagen,Taos 4MOTION,Sport utility vehicle: Small,1.5,4,X,9.4,7.2,8.4,34,,196.46400000000003
2025,Volvo,S60 B5 AWD,Compact,2.0,4,Z,9.3,7.0,8.3,34,,193.19
2025,Volvo,S90 B6 AWD,Mid-size,2.0,4,Z,10.6,7.6,9.2,31,,215.81799999999998
2025,Volvo,V60 CC B5 AWD,Station wagon: Small,2.0,4,Z,9.7,7.5,8.7,32,,203.21
2025,Volvo,V90 CC B6 AWD,Station wagon: Mid-size,2.0,4,Z,10.7,8.1,9.5,30,,222.16
2025,Volvo,XC40 B5 AWD,Sport utility vehicle: Small,2.0,4,Z,10.1,7.8,9.1,31,,213.07
2025,Volvo,XC60 B5 AWD,Sport utility vehicle: Small,2.0,4,Z,10.0,7.8,9.0,31,,210.39
2025,Volvo,XC90 B6 AWD,Sport utility vehicle: Standard,2.0,4,Z,11.5,9.0,10.4,27,,243.82
